D_Date,M_Date,Y_Date
2,1,1956
1,4,2016
1,4,2016
1,4,2016
1,4,2016
1,4,2016
1,4,2016
1,4,2016
1,4,2016
1,4,2016
1,4,2016
1,4,2016
1,4,2016
1,4,2016
1,4,2016
1,4,2016
1,4,2016
1,4,2016
1,4,2016
1,4,2016
1,4,2016
1,4,2016
1,4,2016
1,4,2016
1,4,2016
1,4,2016
1,4,2016
1,4,2016
2,4,2016
2,4,2016
2,4,2016
2,4,2016
2,4,2016
2,4,2016
2,4,2016
2,4,2016
2,4,2016
2,4,2016
2,4,2016
2,4,2016
2,4,2016
2,4,2016
2,4,2016
2,4,2016
2,4,2016
2,4,2016
2,4,2016
2,4,2016
2,4,2016
2,4,2016
2,4,2016
3,4,2016
3,4,2016
3,4,2016
3,4,2016
3,4,2016
3,4,2016
3,4,2016
3,4,2016
3,4,2016
3,4,2016
3,4,2016
3,4,2016
3,4,2016
3,4,2016
3,4,2016
3,4,2016
3,4,2016
3,4,2016
3,4,2016
3,4,2016
3,4,2016
3,4,2016
3,4,2016
3,4,2016
3,4,2016
3,4,2016
3,4,2016
3,4,2016
3,4,2016
3,4,2016
3,4,2016
3,4,2016
3,4,2016
3,4,2016
3,4,2016
3,4,2016
3,4,2016
3,4,2016
3,4,2016
3,4,2016
3,4,2016
3,4,2016
3,4,2016
3,4,2016
3,4,2016
3,4,2016
3,4,2016
3,4,2016
3,4,2016
3,4,2016
3,4,2016
3,4,2016
3,4,2016
3,4,2016
3,4,2016
3,4,2016
3,4,2016
3,4,2016
3,4,2016
3,4,2016
3,4,2016
3,4,2016
3,4,2016
3,4,2016
3,4,2016
3,4,2016
3,4,2016
3,4,2016
3,4,2016
3,4,2016
3,4,2016
3,4,2016
3,4,2016
3,4,2016
3,4,2016
3,4,2016
3,4,2016
3,4,2016
3,4,2016
3,4,2016
3,4,2016
3,4,2016
3,4,2016
3,4,2016
3,4,2016
3,4,2016
3,4,2016
3,4,2016
3,4,2016
3,4,2016
3,4,2016
3,4,2016
3,4,2016
3,4,2016
3,4,2016
3,4,2016
3,4,2016
3,4,2016
3,4,2016
3,4,2016
3,4,2016
3,4,2016
3,4,2016
3,4,2016
3,4,2016
3,4,2016
3,4,2016
3,4,2016
3,4,2016
3,4,2016
3,4,2016
3,4,2016
3,4,2016
3,4,2016
3,4,2016
3,4,2016
3,4,2016
3,4,2016
3,4,2016
3,4,2016
3,4,2016
3,4,2016
3,4,2016
3,4,2016
3,4,2016
3,4,2016
3,4,2016
3,4,2016
3,4,2016
3,4,2016
3,4,2016
4,4,2016
4,4,2016
4,4,2016
4,4,2016
4,4,2016
4,4,2016
4,4,2016
4,4,2016
5,4,2016
5,4,2016
5,4,2016
5,4,2016
5,4,2016
5,4,2016
5,4,2016
5,4,2016
5,4,2016
5,4,2016
5,4,2016
